<?xml version="1.0" encoding="UTF-8"?>
<beans xmlns="http://www.springframework.org/schema/beans"
	xmlns:xsi="http://www.w3.org/2001/XMLSchema-instance"
	xmlns:context="http://www.springframework.org/schema/context"
	xsi:schemaLocation="http://www.springframework.org/schema/mvc http://www.springframework.org/schema/mvc/spring-mvc-4.3.xsd
		http://www.springframework.org/schema/beans http://www.springframework.org/schema/beans/spring-beans.xsd
		http://www.springframework.org/schema/context http://www.springframework.org/schema/context/spring-context-4.3.xsd">
	   					   
	<context:property-placeholder location="/resources/properties/db.properties"/>

	<!-- bean -->
	<bean id="basic_datasource"
		class="org.apache.commons.dbcp2.BasicDataSource">
		<property name="driverClassName"
			value="${db.classname}">
		</property>
		<property name="url"
			value="${db.url}">
		</property>
		<property name="username" value="${db.username}"></property>
		<property name="password" value="${db.password}"></property>
	</bean>
</beans>