<?xml version="1.0" encoding="UTF-8"?>
<beans xmlns="http://www.springframework.org/schema/beans"
	xmlns:xsi="http://www.w3.org/2001/XMLSchema-instance"
	xmlns:context="http://www.springframework.org/schema/context"
	xmlns:mvc="http://www.springframework.org/schema/mvc"
	xmlns:mybatis-spring="http://mybatis.org/schema/mybatis-spring"
	xmlns:aop="http://www.springframework.org/schema/aop"
	xmlns:tx="http://www.springframework.org/schema/tx"
	xsi:schemaLocation="http://www.springframework.org/schema/mvc http://www.springframework.org/schema/mvc/spring-mvc-4.3.xsd
		http://mybatis.org/schema/mybatis-spring http://mybatis.org/schema/mybatis-spring-1.2.xsd
		http://www.springframework.org/schema/beans http://www.springframework.org/schema/beans/spring-beans.xsd
		http://www.springframework.org/schema/context http://www.springframework.org/schema/context/spring-context-4.3.xsd
		http://www.springframework.org/schema/aop http://www.springframework.org/schema/aop/spring-aop-4.3.xsd
		http://www.springframework.org/schema/tx http://www.springframework.org/schema/tx/spring-tx-4.3.xsd">
		
	<!-- mvc -->
	<mvc:annotation-driven/>
	<mvc:resources location="/resources/" mapping="/**"/>
    <mvc:resources location="/resources/script/" mapping="/script/**"/>
	
	<!-- context -->
	<context:component-scan base-package="kr.co.rrs.controller"/>
	<context:component-scan base-package="kr.co.rrs.service"/>
	
	<!-- mybatis -->
	<mybatis-spring:scan base-package="kr.co.rrs.mapper"/>
	
	<!-- bean -->
	<bean
		class="org.springframework.web.servlet.view.InternalResourceViewResolver">
		<property name="prefix" value="/WEB-INF/views/"></property>
		<property name="suffix" value=".jsp"></property>
	</bean>
	<bean id="sqlSession"
		class="org.mybatis.spring.SqlSessionFactoryBean">
		<property name="dataSource" ref="basic_datasource"></property>
		<property name="mapperLocations"
			value="/resources/mapper/*.xml">
		</property>
		<property name="configLocation"
			value="/resources/config/mybatis-config.xml">
		</property>
	</bean>
	<bean id="sqlSessionTemplate"
		class="org.mybatis.spring.SqlSessionTemplate">
	<constructor-arg index="0" ref="sqlSession"></constructor-arg>
	</bean>
	
	<!-- aop -->
	<aop:aspectj-autoproxy/>
	
	<!-- transcation -->
	<tx:annotation-driven />
	<bean id="txManager"
		class="org.springframework.jdbc.datasource.DataSourceTransactionManager">
	<property name="dataSource" ref="basic_datasource"/>
	</bean>
	<tx:advice id="txAdvice" transaction-manager="txManager">
		<tx:attributes>
			<tx:method name='*' />
		</tx:attributes>
	</tx:advice>
	<!-- aop-transcation -->
	<aop:config>
		<aop:pointcut
			expression="execution(* kr.co.rrs.service.impl.*.*.insert*(..))"
			id="txPointcut" />
		<aop:advisor advice-ref="txAdvice" pointcut-ref="txPointcut" />
	</aop:config>
	
	<!-- 파일업로드 관련 Mulitipart 설정 -->
    <bean id="multipartResolver"
                class="org.springframework.web.multipart.commons.CommonsMultipartResolver">
        <!-- 
        	setting maximum upload size
            <property name="maxUploadSize" value="-1"/>
            최대 크기 설정
        -->
        <property name="maxUploadSize" value="209715200"/> <!-- 20MB --> <!-- max size of file in memory (in bytes) -->
        <property name="maxInMemorySize" value="10485760"/> <!-- 10MB -->
    </bean>
</beans>